{"cameraMode":{"drawMode":0,"name":"Shaded","section":"Shading Mode"},"sceneLighting":true,"audioPlay":false,"sceneViewState":{"m_AlwaysRefresh":false,"showFog":true,"showSkybox":true,"showFlares":true,"showImageEffects":true,"showParticleSystems":true,"showVisualEffectGraphs":true,"m_FxEnabled":true},"in2DMode":false,"pivot":{"x":-22.242555618286134,"y":-20.388320922851564,"z":664.3010864257813},"rotation":{"x":-0.016499916091561319,"y":0.0059896353632211689,"z":-0.00010642435518093407,"w":-0.999888002872467},"size":385.6519775390625,"orthographic":false}